stock_name,hold_num
贵州茅台,2250
宁德时代,2074
药明康德,1616
招商银行,1417
东方财富,1382
五粮液,1357
隆基股份,1163
海康威视,986
中国中免,792
迈瑞医疗,789
美的集团,785
伊利股份,633
天赐材料,619
三峡能源,618
兴业银行,602
阳光电源,601
宁波银行,583
恩捷股份,581
平安银行,576
比亚迪,573
山西汾酒,562
亿纬锂能,554
泸州老窖,543
智飞生物,538
赣锋锂业,515
通威股份,495
紫光国微,493
万华化学,487
中国平安,484
北方华创,481
天齐锂业,465
泰格医药,437
中信证券,435
爱尔眼科,433
保利发展,429
立讯精密,410
长江电力,390
海尔智家,385
凯莱英,381
万科A,377
华友钴业,342
歌尔股份,321
韦尔股份,300
紫金矿业,298
长春高新,296
酒鬼酒,286
海大集团,274
新宙邦,260
先导智能,257
汇川技术,246
璞泰来,244
工商银行,243
北方稀土,239
恒瑞医药,239
通策医疗,238
华鲁恒升,238
福斯特,236
康龙化成,233
东方盛虹,229
恒生电子,229
天华超净,226
广发证券,225
珠海冠宇,224
中环股份,224
正泰电器,216
中兴通讯,208
京东方A,203
华泰证券,203
药石科技,199
中国电信,197
圣邦股份,196
博腾股份,189
中航光电,181
中国建筑,180
格力电器,178
中国神华,177
兆易创新,174
士兰微,174
三一重工,173
卓胜微,173
晶盛机电,171
欣旺达,170
振华科技,168
特变电工,167
杉杉股份,165
国电南瑞,163
九洲药业,160
广联达,159
抚顺特钢,158
洋河股份,158
兖矿能源,157
荣盛石化,157
陕西煤业,157
深信服,154
舍得酒业,154
欧普康视,152
牧原股份,149
卫星化学,148
顺丰控股,147
长城汽车,147
分众传媒,146
明泰铝业,145
诺德股份,145
天合光能,144
东方证券,143
丽臣实业,143
大华股份,138
东方雨虹,138
中国太保,138
建设银行,137
赛轮轮胎,136
古井贡酒,135
农业银行,135
科沃斯,134
普洛药业,132
中国宝安,132
科大讯飞,130
沃森生物,130
邮储银行,130
片仔癀,127
杭州银行,123
晶晨股份,123
中航机电,122
中科创达,120
兴发集团,120
韵达股份,119
安井食品,118
海螺水泥,117
华尔泰,116
宝信软件,114
闻泰科技,113
晶澳科技,113
三环集团,112
杰瑞股份,111
宏发股份,111
中材科技,111
中国巨石,111
华能国际,110
天奈科技,109
福耀玻璃,109
芒果超媒,109
航发动力,109
桐昆股份,109
三安光电,108
百润股份,108
华域汽车,107
星宇股份,107
中国电建,106
融捷股份,106
江苏银行,105
华利集团,104
中国石油,104
思瑞浦,103
广汇能源,102
美迪西,101
潍柴动力,101
招商蛇口,98
爱美客,98
永兴材料,96
迈为股份,96
中芯国际,96
南京银行,96
金地集团,96
金山办公,95
上机数控,95
合盛硅业,94
嘉元科技,93
重庆啤酒,92
亿联网络,92
春雪食品,92
交通银行,92
中航沈飞,91
格林美,91
青岛啤酒,90
德方纳米,90
立高食品,90
斯达半导,89
昭衍新药,89
用友网络,89
中国铝业,88
三七互娱,88
孩子王,88
法拉电子,86
水井坊,86
海通证券,85
中微公司,85
周大生,84
容百科技,83
贝达药业,82
万泰生物,81
雅化集团,81
盛新锂能,81
传音控股,80
吉比特,80
旗滨集团,79
锦浪科技,78
大秦铁路,78
国轩高科,78
华峰测控,78
芯源微,77
中国石化,76
华测检测,76
兴业证券,75
东富龙,75
北京君正,75
国泰君安,75
海天味业,75
鸿远电子,75
贝泰妮,74
隆平高科,74
恒立液压,74
金域医学,74
新强联,73
完美世界,73
中航高科,73
天顺风能,72
恒力石化,72
中国银行,72
华能水电,72
绝味食品,71
中远海控,69
中国化学,69
金博股份,69
当升科技,68
运达股份,68
欧派家居,67
宝钢股份,67
明阳智能,66
TCL科技,66
龙蟠科技,66
云铝股份,66
德赛西威,65
中科电气,65
航天电器,65
今世缘,65
浪潮信息,65
扬农化工,64
大全能源,64
捷佳伟创,64
老板电器,64
健帆生物,64
瀚蓝环境,63
星源材质,63
晨光文具,63
火炬电子,63
壹石通,62
菲利华,62
浦发银行,62
石大胜华,62
国联股份,61
锦江酒店,61
艾为电子,61
中航重机,61
春秋航空,60
潞安环能,60
德业股份,60
招商证券,60
长川科技,60
科达利,59
宋城演艺,59
坚朗五金,59
安恒信息,59
三星医疗,58
永太科技,58
柏楚电子,58
三花智控,57
雅克科技,57
南微医学,57
伯特利,57
金风科技,56
中国核电,56
山西焦煤,56
浙江鼎力,56
顾家家居,55
拓普集团,54
国投电力,54
移远通信,53
瑞芯微,53
比音勒芬,53
中国船舶,53
玲珑轮胎,53
中鼎股份,53
鸿路钢构,53
远兴能源,52
百克生物,52
康泰生物,52
震安科技,52
固德威,52
卫宁健康,51
帝尔激光,51
大金重工,51
石头科技,51
新城控股,50
时代电气,50
鲁西化工,50
洽洽食品,50
健友股份,49
顺络电子,49
南山铝业,49
太阳纸业,48
吉祥航空,48
新和成,48
奥特维,48
复星医药,48
申万宏源,47
福能股份,47
成都银行,46
和而泰,46
普利制药,46
首旅酒店,46
华海药业,45
联泓新科,45
上海贝岭,45
精达股份,45
中国国航,45
云南白药,45
泰和新材,45
富瀚微,45
睿创微纳,44
富临精工,44
宁沪高速,44
全志科技,44
纳微科技,44
洛阳钼业,42
同花顺,42
胜宏科技,42
铜陵有色,42
双星新材,42
紫光股份,42
华测导航,42
久立特材,41
常熟银行,41
皓元医药,41
乐普医疗,41
新益昌,41
川投能源,41
华熙生物,41
厦钨新能,41
上汽集团,41
多氟多,41
春风动力,40
乐鑫科技,40
长远锂科,40
天宇股份,40
华工科技,40
国瓷材料,40
华新水泥,40
盈趣科技,40
裕同科技,40
东鹏饮料,40
华峰化学,39
中航西飞,39
金科股份,38
华菱钢铁,38
复旦微电,38
金禾实业,38
诺泰生物,38
中国广核,38
纳思达,38
澜起科技,37
赤峰黄金,37
阳光诺和,37
民生银行,37
苏文电能,37
奕瑞科技,37
普冉股份,37
山东赫达,36
润丰股份,36
怡合达,36
力芯微,36
浙富控股,36
马钢股份,36
宏华数科,36
爱博医疗,36
伟星新材,36
安琪酵母,36
金雷股份,35
日月股份,35
北新建材,35
东方电气,35
电气风电,35
开立医疗,35
锐科激光,35
振华新材-U,34
景嘉微,34
中国东航,34
国光电气,34
中信博,34
高能环境,34
平煤股份,34
华侨城A,34
蔚蓝锂芯,34
益丰药房,34
华恒生物,34
佰仁医疗,34
雷电微力,34
凯盛新材,33
联赢激光,33
淮北矿业,33
中国铁建,33
中密控股,33
江特电机,33
温氏股份,33
艾华集团,33
兴齐眼药,33
中国联通,32
道通科技,32
东威科技,32
上海机场,32
中颖电子,32
巨星科技,32
风华高科,32
联创电子,32
爱乐达,32
天铁股份,32
中集集团,32
广大特材,32
智明达,31
太钢不锈,31
至纯科技,31
鱼跃医疗,31
北摩高科,31
光威复材,31
思源电气,31
中煤能源,31
山东黄金,31
京沪高铁,30
妙可蓝多,30
南玻A,30
鼎龙股份,30
杭氧股份,30
宁波华翔,30
一心堂,30
新泉股份,30
双环传动,30
格科微,30
中信特钢,30
海容冷链,30
上海银行,30
中国中铁,30
金迪克,30
江海股份,29
银泰黄金,29
新安股份,29
新奥股份,29
南方航空,29
包钢股份,29
兰花科创,29
光大银行,29
铁建重工,29
北方导航,29
神火股份,29
宏微科技,29
七一二,29
东阿阿胶,28
富满微,28
人福医药,28
中兵红箭,28
圆通速递,28
宏达电子,28
翔宇医疗,28
汤臣倍健,28
长安汽车,28
星期六,28
华阳股份,28
中际联合,28
川恒股份,27
上海家化,27
上港集团,27
华贸物流,27
生益科技,27
广汽集团,27
天宜上佳,27
山东高速,27
盛屯矿业,27
钢研高纳,27
视源股份,27
芯碁微装,27
康德莱,27
西藏矿业,26
滨化股份,26
西部超导,26
国际医学,26
海尔生物,26
联创股份,26
珀莱雅,26
大北农,26
迎驾贡酒,26
三角防务,26
首创环保,26
双汇发展,25
仙琚制药,25
东材科技,25
永创智能,25
科德数控,25
卫士通,25
星网锐捷,25
亨通光电,25
万业企业,25
海利得,25
齐翔腾达,25
杭可科技,25
西藏珠峰,24
龙佰集团,24
云天化,24
威高骨科,24
三利谱,24
天坛生物,24
金诚信,24
浙商证券,24
国茂股份,24
承德露露,24
新大正,24
利元亨,24
海泰新光,24
惠泰医疗,24
博众精工,24
创世纪,24
养元饮品,23
东方通,23
新钢股份,23
安克创新,23
三孚新科,23
晶丰明源,23
迈拓股份,23
中金公司,23
许继电气,23
新雷能,23
中孚信息,23
极米科技,23
中远海能,23
登海种业,23
福莱特,23
和辉光电-U,23
瑞华泰,23
心脉医疗,23
长电科技,22
广和通,22
朗新科技,22
蓝晓科技,22
华润微,22
富安娜,22
凯立新材,22
广信股份,22
徐工机械,22
新洋丰,22
华润三九,22
拓邦股份,22
键凯科技,22
中泰化学,22
海信视像,22
中联重科,22
光线传媒,21
国力股份,21
太平鸟,21
上海建工,21
上海瀚讯,21
蓝思科技,21
宝丰能源,21
斯莱克,21
中国能建,21
北京银行,21
建发股份,21
西部矿业,21
晋控煤业,21
诺禾致源,20
盐湖股份,20
鹏鼎控股,20
鲁阳节能,20
立昂微,20
中红医疗,20
霍莱沃,20
国信证券,20
金能科技,20
利君股份,20
招商公路,20
中海油服,20
厦门象屿,20
上海医药,20
万孚生物,20
中牧股份,20
欧林生物,20
科锐国际,20
广州发展,20
昆仑万维,20
芳源股份,20
应流股份,19
凌霄泵业,19
丽珠集团,19
宇通客车,19
公牛集团,19
台华新材,19
洪城环境,19
老百姓,19
聚光科技,19
圣农发展,19
海优新材,19
我武生物,19
世纪华通,18
桂冠电力,18
新天然气,18
博拓生物,18
英科再生,18
三孚股份,18
宝钛股份,18
中盐化工,18
瑞可达,18
山煤国际,18
中国人寿,18
科达制造,18
浙江自然,18
云图控股,18
内蒙华电,18
林洋能源,18
电投能源,18
奥精医疗,18
富信科技,18
天地科技,18
绿地控股,17
伟星股份,17
恒玄科技,17
招商积余,17
甬金股份,17
方大特钢,17
中简科技,17
老凤祥,17
万润股份,17
华荣股份,17
航宇科技,17
四川路桥,17
五矿稀土,17
三六零,17
迪安诊断,17
中信建投,17
呈和科技,17
九号公司-WD,17
新洁能,17
盈康生命,17
力星股份,16
昊华能源,16
厦门钨业,16
高德红外,16
中直股份,16
凤凰传媒,16
羚锐制药,16
汇顶科技,16
浙江龙盛,16
浙江美大,16
奥瑞金,16
苏试试验,16
三钢闽光,16
三友化工,16
倍轻松,16
安图生物,16
杰克股份,16
东华能源,16
东山精密,16
石英股份,16
容知日新,16
美畅股份,16
汉钟精机,16
美诺华,16
海信家电,16
电连技术,16
维远股份,16
同仁堂,15
隆华科技,15
博实股份,15
八方股份,15
安科生物,15
节能风电,15
晶瑞电材,15
喜临门,15
海澜之家,15
中国重工,15
恒华科技,15
艾德生物,15
中国交建,15
南钢股份,15
华电国际,15
石基信息,15
博雅生物,15
美锦能源,15
恒润股份,15
中金黄金,15
航发控制,15
欧陆通,15
英科医疗,14
鼎胜新材,14
瑞普生物,14
四川美丰,14
巨化股份,14
纽威数控,14
索通发展,14
司太立,14
赛意信息,14
迈信林,14
木林森,14
长缆科技,14
兴森科技,14
冀东水泥,14
山东海化,14
博力威,14
碧水源,14
浙能电力,14
新风光,14
启明星辰,14
桃李面包,14
荃银高科,14
卓然股份,14
新易盛,14
东诚药业,14
大参林,14
大族激光,14
中国外运,14
川能动力,13
新宝股份,13
意华股份,13
阿尔特,13
中南传媒,13
凯普生物,13
中南建设,13
中远海发,13
联化科技,13
长阳科技,13
海晨股份,13
天孚通信,13
铂科新材,13
和达科技,13
中钨高新,13
再升科技,13
粤高速A,13
博汇纸业,13
伊力特,13
浙江医药,13
上峰水泥,13
东阳光,13
弘亚数控,13
捷昌驱动,13
亚辉龙,13
大立科技,13
明微电子,13
冀中能源,13
紫江企业,13
亚厦股份,13
国民技术,13
宇信科技,13
金辰股份,12
苏农银行,12
正邦科技,12
佳士科技,12
东鹏控股,12
中粮工科,12
九州通,12
火星人,12
小康股份,12
新凤鸣,12
神工股份,12
江苏神通,12
泰晶科技,12
深高速,12
中望软件,12
隧道股份,12
塔牌集团,12
巴比食品,12
麦捷科技,12
斯迪克,12
捷顺科技,12
致远互联,12
广州酒家,12
新华保险,12
超图软件,12
盛和资源,12
睿智医药,12
志特新材,12
西菱动力,12
建龙微纳,12
麦格米特,12
攀钢钒钛,11
芯朋微,11
雷赛智能,11
楚江新材,11
科顺股份,11
东方电缆,11
中材国际,11
申能股份,11
中文传媒,11
巨人网络,11
方大炭素,11
口子窖,11
鲍斯股份,11
贝特瑞,11
中谷物流,11
金力永磁,11
旺能环境,11
创业慧康,11
三峡水利,11
新希望,11
中国中车,11
锡业股份,11
海格通信,11
潮宏基,11
中国长城,11
招商轮船,11
首钢股份,11
北汽蓝谷,11
苏州银行,11
鄂尔多斯,11
华锦股份,11
康希诺-U,10
鞍钢股份,10
报喜鸟,10
英维克,10
豪迈科技,10
迈克生物,10
东方明珠,10
华策影视,10
山东药玻,10
迪普科技,10
拱东医疗,10
千味央厨,10
张家港行,10
芯原股份-U,10
天际股份,10
中航电子,10
能科科技,10
中炬高新,10
宇瞳光学,10
华帝股份,10
诚志股份,10
健民集团,10
梅花生物,10
振华股份,10
中科曙光,10
元祖股份,10
贵研铂业,10
上海临港,10
晓鸣股份,10
沪硅产业-U,10
新疆众和,10
千禾味业,10
森特股份,10
亿田智能,10
合诚股份,10
白云山,10
新莱应材,10
柳钢股份,10
兔宝宝,10
广宇发展,10
太阳能,10
禾望电气,10
继峰股份,10
绿盟科技,10
大洋电机,9
伟思医疗,9
景津环保,9
苏宁环球,9
盘江股份,9
天正电气,9
长海股份,9
中公教育,9
景旺电子,9
沪农商行,9
青松股份,9
星云股份,9
云海金属,9
华锐精密,9
英搏尔,9
华特气体,9
三诺生物,9
安集科技,9
皇马科技,9
四方股份,9
华宝股份,9
大亚圣象,9
顺鑫农业,9
四方光电,9
白云机场,9
鲁商发展,9
泰坦科技,9
青岛银行,9
三棵树,9
科伦药业,9
宏力达,9
柯力传感,9
光启技术,9
洪都航空,9
航天宏图,9
骆驼股份,9
东吴证券,9
涪陵榨菜,9
长沙银行,9
东岳硅材,8
华东医药,8
垒知集团,8
唯赛勃,8
苏泊尔,8
泛微网络,8
彤程新材,8
楚天科技,8
陕鼓动力,8
康拓医疗,8
信安世纪,8
润达医疗,8
中核钛白,8
天邦股份,8
滨江集团,8
亿帆医药,8
光大证券,8
均胜电子,8
宝新能源,8
中国软件,8
广汇汽车,8
国电电力,8
莱尔科技,8
通富微电,8
协创数据,8
大东方,8
森马服饰,8
华阳集团,8
久远银海,8
信立泰,8
文灿股份,8
万里扬,8
凯赛生物,8
中航电测,8
江西铜业,8
苏博特,8
天壕环境,8
浙商中拓,8
广电计量,8
怡亚通,8
威孚高科,8
五洲新春,8
扬杰科技,8
建设机械,8
长江证券,8
传化智联,8
仙鹤股份,8
信邦制药,8
水羊股份,8
海目星,8
江山欧派,8
华软科技,8
航天发展,8
粤水电,8
圣诺生物,8
禾信仪器,8
中新药业,8
威海广泰,8
王府井,8
欣贺股份,8
中国中冶,8
九阳股份,7
虹软科技,7
重庆百货,7
奥佳华,7
博迈科,7
三美股份,7
九强生物,7
八一钢铁,7
江淮汽车,7
海洋王,7
昊海生科,7
国网信通,7
西藏城投,7
松霖科技,7
黄河旋风,7
利欧股份,7
洁特生物,7
迈得医疗,7
中旗股份,7
光峰科技,7
以岭药业,7
上海谊众-U,7
中国汽研,7
克来机电,7
普莱柯,7
寿仙谷,7
蓝色光标,7
玉禾田,7
昌红科技,7
奥士康,7
金丹科技,7
中金辐照,7
物产中大,7
激智科技,7
左江科技,7
中铁工业,7
天山铝业,7
阳光城,7
良信股份,7
连城数控,7
中国西电,7
蓝焰控股,7
生物股份,7
山鹰国际,7
精测电子,7
绿色动力,7
惠伦晶体,7
江山股份,7
派林生物,7
快克股份,7
优刻得-W,7
万达电影,7
新天绿能,7
气派科技,7
天原股份,7
东华软件,7
国邦医药,7
先惠技术,7
益生股份,7
仁和药业,7
壹网壹创,7
矩子科技,7
福田汽车,7
高测股份,7
海亮股份,7
航民股份,6
中体产业,6
中信出版,6
中青旅,6
润建股份,6
海南橡胶,6
奇安信-U,6
四川双马,6
新北洋,6
奥克股份,6
恒为科技,6
宝钢包装,6
汉威科技,6
深圳机场,6
中化国际,6
山东路桥,6
华兰生物,6
光力科技,6
密尔克卫,6
佳隆股份,6
金隅集团,6
光明乳业,6
涪陵电力,6
华天科技,6
智洋创新,6
三特索道,6
川仪股份,6
济川药业,6
悦安新材,6
苏大维格,6
中国核建,6
美年健康,6
美亚柏科,6
和邦生物,6
新日恒力,6
恩华药业,6
辽宁成大,6
芯能科技,6
航天彩虹,6
新产业,6
彩虹股份,6
蓝帆医疗,6
润和软件,6
长盛轴承,6
博通集成,6
唐山港,6
崧盛股份,6
华自科技,6
长盈精密,6
华夏航空,6
谱尼测试,6
集友股份,6
新湖中宝,6
四维图新,6
康华生物,6
索菲亚,6
山西焦化,6
家家悦,6
鹏都农牧,6
君亭酒店,6
永冠新材,6
众生药业,6
宏川智慧,6
上海沪工,6
日发精机,6
锦泓集团,6
平高电气,6
横店东磁,6
中曼石油,6
共达电声,6
和林微纳,6
华大基因,6
黔源电力,6
九典制药,6
锐明技术,6
盛达资源,6
正元地信,6
寒锐钴业,5
阳煤化工,5
深水海纳,5
光库科技,5
湘电股份,5
健盛集团,5
天微电子,5
长鹰信质,5
博敏电子,5
广深铁路,5
昊华科技,5
中铁装配,5
双塔食品,5
中粮科技,5
恒邦股份,5
联瑞新材,5
兴蓉环境,5
安车检测,5
鸣志电器,5
青鸟消防,5
富祥药业,5
科士达,5
卓锦股份,5
鄂武商A,5
荣盛发展,5
工业富联,5
兰卫医学,5
苏垦农发,5
国药一致,5
回盛生物,5
海利尔,5
三全食品,5
捷捷微电,5
华灿光电,5
财通证券,5
金晶科技,5
迅捷兴,5
新经典,5
中铁特货,5
盛通股份,5
东易日盛,5
豪能股份,5
盛弘股份,5
中国通号,5
科瑞技术,5
江阴银行,5
百联股份,5
苏宁易购,5
中闽能源,5
江苏国泰,5
元琛科技,5
掌趣科技,5
兆威机电,5
中矿资源,5
方邦股份,5
劲嘉股份,5
世华科技,5
鼎捷软件,5
傲农生物,5
中国银河,5
志邦家居,5
海思科,5
海兰信,5
湖南黄金,5
恒通股份,5
天融信,5
派克新材,5
泸天化,5
晶方科技,5
华中数控,5
赞宇科技,5
赢合科技,5
川发龙蟒,5
中伟股份,5
金圆股份,5
地素时尚,5
振芯科技,5
共同药业,5
万兴科技,5
百洋医药,5
美亚光电,5
湘佳股份,5
合纵科技,5
深圳能源,5
鸿达兴业,5
百川畅银,5
莱伯泰科,5
酒钢宏兴,5
百隆东方,5
岱美股份,5
国科微,5
睿昂基因,5
芯海科技,5
新乳业,5
西部材料,5
长城科技,5
